<?xml version="1.0" encoding="UTF-8"?> 
<doi_batch xmlns:xsi="http://www.w3.org/2001/XMLSchema-instance"
 xsi:schemaLocation="http://www.crossref.org/doi_resources_schema/5.4.0 https://www.crossref.org/schemas/doi_resources5.4.0.xsd"
 xmlns="http://www.crossref.org/doi_resources_schema/5.4.0" version="5.4.0">
    <head>
        <doi_batch_id>arg_123_954</doi_batch_id>
        <depositor>
            <depositor_name>Crossref</depositor_name>
            <email_address>pfeeney@crossref.org</email_address>
        </depositor>
    </head>
    <body> 
        <doi_resources> 
            <doi>10.32013/aubxxagie</doi>         
            <collection property="crawler-based"> 
                <item crawler="similarity-check"> 
                    <resource>http://www.crossref.org/xml-examples/crawl.xml</resource> 
                </item>
            </collection>
        </doi_resources> 
        <doi_resources> 
            <doi>10.32013/gruklja</doi> 
            <collection property="crawler-based"> 
                <item crawler="iParadigms"> 
                    <resource>http://www.crossref.org/xml-examples/crawl.xml</resource> 
                </item>
            </collection>
        </doi_resources> 
    </body> 
</doi_batch>

