<?xml version="1.0" encoding="UTF-8"?>
<doi_batch xmlns:xsi="http://www.w3.org/2001/XMLSchema-instance"
    xsi:schemaLocation="http://www.crossref.org/schema/5.4.0 https://www.crossref.org/schemas/crossref5.4.0.xsd"
    xmlns="http://www.crossref.org/schema/5.4.0" xmlns:jats="http://www.ncbi.nlm.nih.gov/JATS1"
    xmlns:fr="http://www.crossref.org/fundref.xsd" xmlns:mml="http://www.w3.org/1998/Math/MathML" version="5.4.0">
    <head>
        <doi_batch_id>test.x</doi_batch_id>
        <timestamp>2025010100000003</timestamp>
        <depositor>
            <depositor_name>Crossref</depositor_name>
            <email_address>pfeeney@crossref.org</email_address>
        </depositor>
        <registrant>Society of Metadata Idealists</registrant>
    </head>
    <body>
        <posted_content type="preprint">
            <group_title>Metadata Quality</group_title>
            <contributors>
                <person_name sequence="first" contributor_role="author">
                    <given_name>Minerva</given_name>
                    <surname>Housecat</surname>
                    <affiliations>
                        <institution>
                            <institution_id type="ror">https://ror.org/02twcfp32</institution_id>
                        </institution>
                        <institution>
                            <institution_name>Secret Society of Non-registered Societies</institution_name>
                            <institution_acronym>SSocNoRegS</institution_acronym>
                            <institution_place>Roswell, NM, USA</institution_place>
                        </institution>
                    </affiliations>
                    <ORCID authenticated="true">https://orcid.org/0000-0002-4011-3590</ORCID>
                </person_name>
                <person_name sequence="additional" contributor_role="author">
                    <given_name>Josiah</given_name>
                    <surname>Carberry</surname>
                    <affiliations>
                        <institution>
                            <institution_id type="ror">https://ror.org/05gq02987</institution_id>
                        </institution>
                    </affiliations>
                    <ORCID authenticated="true">https://orcid.org/0000-0002-1825-0097</ORCID>
                </person_name>
            </contributors>
            <titles>
                <title> When your best metadata isn't good enough: working with an imperfect specification </title>
                <original_language_title language="fr">Quand vos meilleures métadonnées ne suffisent pas: travailler avec une spécification imparfaite</original_language_title>
            </titles>
            <posted_date>
                <month>12</month>
                <day>13</day>
                <year>2024</year>
            </posted_date>            
            <acceptance_date>
                <month>12</month>
                <day>13</day>
                <year>2024</year>
            </acceptance_date>  
            <status type="removed" date="2024-05-05">
                <description xml:lang="en">copyright violation</description>
                <description xml:lang="fr">copyright violation</description>
            </status>
            <institution>
                <institution_name>Crossref</institution_name>
                <institution_id type="ror">https://ror.org/02twcfp32</institution_id>
            </institution>
            <doi_data>
                <doi>10.32013/N338-2JWU</doi>
                <resource>https://www.crossref.org/xml-samples/</resource>
            </doi_data>
            <citation_list>
                
                    <citation type="journal_article" key="ref1">
                        <unstructured_citation>Housecat, M., &amp; Carberry, J. (2018). When your best metadata isn’t good enough: working with an imperfect specification. Journal of Metadata Perfection, 5(11), 1–3. https://doi.org/10.32013/12345678 </unstructured_citation>
                        <doi>10.32013/12345678</doi>
                    </citation>
                    <citation type="book" key="ref2">
                        <unstructured_citation>Housecat, M., &amp; Carberry, J. (2018). Eighth in a series. In Awesome Book Series. Crossref Publishing. https://doi.org/10.32013/ptdhshx</unstructured_citation>
                        <doi>10.32013/ptdhshx</doi>
                    </citation>
                    <citation type="dataset" key="ref3">
                        <unstructured_citation>Feeney, P. (2019). Really bad metadata [Dataset]. In Metadata Quality Analysis. Society of Psychoceramics. https://doi.org/10.32013/woygbn8</unstructured_citation>
                        <doi>10.32013/woygbn8</doi>
                    </citation>
               
            </citation_list>
        </posted_content>
    </body>
</doi_batch>
