<?xml version="1.0" encoding="UTF-8"?>
<doi_batch xmlns:xsi="http://www.w3.org/2001/XMLSchema-instance"
	xsi:schemaLocation="http://www.crossref.org/schema/5.4.0 https://www.crossref.org/schemas/crossref5.4.0.xsd"
	xmlns="http://www.crossref.org/schema/5.4.0" xmlns:jats="http://www.ncbi.nlm.nih.gov/JATS1"
	xmlns:fr="http://www.crossref.org/fundref.xsd" xmlns:mml="http://www.w3.org/1998/Math/MathML"
	version="5.4.0">
	<head>
		<doi_batch_id>arg_123_954</doi_batch_id>
		<timestamp>20250430133711</timestamp>
		<depositor>
			<depositor_name>Crossref</depositor_name>
			<email_address>pfeeney@crossref.org</email_address>
		</depositor>
		<registrant>Society of Metadata Idealists</registrant>
	</head>
	<body>
		<journal>
			<journal_metadata language="eng">
				<full_title>Journal of Schema Testing</full_title>
				<abbrev_title>JOST</abbrev_title>
				<doi_data>
					<doi>10.32013/U4NS-59YA</doi>
					<resource content_version="vor" mime_type="multipart/digest">https://www.crossref.org//documentation/</resource>
				</doi_data>
			</journal_metadata>
			<journal_issue>
				<publication_date media_type="online">
					<month>08</month>
					<day>13</day>
					<year>2008</year>
				</publication_date>
				<publication_date media_type="print">
					<month>08</month>
					<day>14</day>
					<year>2008</year>
				</publication_date>
				<journal_volume>
					<volume>5</volume>
				</journal_volume>
				<issue>11</issue>
			</journal_issue>
			
			<journal_article publication_type="full_text">
				<titles>
					<title>Best practices for best practices</title>
					<original_language_title language="fr"> </original_language_title>
				</titles>
				<contributors>
					<person_name sequence="first" contributor_role="author">
						<given_name>Minerva</given_name>
						<surname>Housecat</surname>
						
						<ORCID authenticated="true">https://orcid.org/0000-0002-4011-3590</ORCID>
					</person_name>
					<person_name sequence="additional" contributor_role="author">
						<given_name>Josiah</given_name>
						<surname>Carberry</surname>
						
						<ORCID authenticated="true">https://orcid.org/0000-0002-1825-0097</ORCID>
					</person_name>
				</contributors>
				<jats:abstract>
					<jats:p>Parse empower communities movements targeted; radical; social enterprise issue outcomes
						big data venture philanthropy. Venture
						philanthropy cultivate impact, state of play; white paper collaborative
						consumption entrepreneur collaborative cities inclusive. Agile best practices, thought leadership collective impact impact
						investing to families. And equal opportunity vibrant, the, storytelling
						synergy metadata matters B-corp unprecedented challenge. </jats:p>
				</jats:abstract>
				<publication_date media_type="online">
					<month>08</month>
					<day>13</day>
					<year>2018</year>
				</publication_date>
				<publication_date media_type="print">
					<month>08</month>
					<day>14</day>
					<year>2018</year>
				</publication_date>
				<acceptance_date>
					<month>05</month>
					<day>21</day>
					<year>2018</year>
				</acceptance_date>
				<pages>
					<first_page>4</first_page>
					<last_page>8</last_page>
				</pages>
				<publisher_item>
					<item_number item_number_type="article_number">2347856-a</item_number>
				</publisher_item>
						<fr:program name="fundref">
							<fr:assertion name="fundgroup">
								<fr:assertion name="funder_name"> National Science Foundation
									<fr:assertion name="funder_identifier"
										>100000001</fr:assertion>
								</fr:assertion>
								<fr:assertion name="award_number">CHE-1152342</fr:assertion>
							</fr:assertion>
						</fr:program>
						<program xmlns="http://www.crossref.org/AccessIndicators.xsd">
							<free_to_read/>
							<license_ref applies_to="vor" start_date="2008-08-13"
								>http://creativecommons.org/licenses/by/3.0/deed.en_US</license_ref>
						</program>
				<archive_locations>
					<archive name="CLOCKSS"/>
					<archive name="Internet Archive"/>
					<archive name="Portico"/>
					<archive name="KB"/>
				</archive_locations>
				<doi_data>
					<doi>10.32013/y2uGhyC</doi>
					<resource>https://www.crossref.org/xml-samples/</resource>
					<collection property="crawler-based">
						<item crawler="iParadigms">
							<resource>https://www.crossref.org/faqs.html</resource>
						</item>
					</collection>
					<collection property="text-mining">
						<item>
							<resource content_version="vor" mime_type="text/xml"
								>https://www.crossref.org/example.xml</resource>
						</item>
					</collection>
					<collection property="link-header">
						<item link_header_relationship="dul">
							<resource>http://www.crossref.org/exampleDULendpoint</resource>
						</item>
					</collection>
				</doi_data>
				<citation_list>
					<citation type="journal_article" key="ref1">
						<unstructured_citation>Housecat, M., &amp; Carberry, J. (2018). When your best metadata isn’t good enough: working with an imperfect specification. Journal of Metadata Perfection, 5(11), 1–3. https://doi.org/10.32013/12345678 </unstructured_citation>
						<doi>10.32013/12345678</doi>
					</citation>
					<citation type="book" key="ref2">
						<unstructured_citation>Housecat, M., &amp; Carberry, J. (2018). Eighth in a series. In Awesome Book Series. Crossref Publishing. https://doi.org/10.32013/ptdhshx</unstructured_citation>
						<doi>10.32013/ptdhshx</doi>
					</citation>
					<citation type="dataset" key="ref3">
						<unstructured_citation>Feeney, P. (2019). Really bad metadata [Dataset]. In Metadata Quality Analysis. Society of Psychoceramics. https://doi.org/10.32013/woygbn8</unstructured_citation>
						<doi>10.32013/woygbn8</doi>
					</citation>
					<citation type="conference_paper" key="ref4">
						<unstructured_citation>Carberry, J. (2018). The importance of good examples. In Crossref LIVE Example Proceedings (Vol. 1). Crossref LIVE18. Crossref. https://doi.org/10.32013/aubxxagie</unstructured_citation>
						<doi>10.32013/aubxxagie</doi>
					</citation>
					<citation type="report" key="ref5">
						<unstructured_citation>Housecat, M. (2001). Title Sludge Handling System Conceptual Design Document. Office of Scientific and Technical Information. https://doi.org/10.32013/tkq96e0 </unstructured_citation>
						<doi>10.32013/tkq96e0</doi>
					</citation>
					<citation type="preprint" key="ref6">
						<unstructured_citation>Housecat, M., &amp; Carberry, J. (2018). When your best metadata isn’t good enough: working with an imperfect specification. Society of Psychoceramics. https://doi.org/10.32013/gruklja
						</unstructured_citation>
						<doi>10.32013/gruklja</doi>
					</citation>
					<citation type="other" key="ref7">
						<unstructured_citation>Figure 1: Best practices by industry. (n.d.). Society of Psychoceramics. https://doi.org/10.32013/tm9b6mw</unstructured_citation>
						<doi>10.32013/tm9b6mw</doi>
					</citation>
					
					
				</citation_list>
				<component_list>
					<component parent_relation="isPartOf">
						<titles><title>Figure 1: Best practices by industry</title></titles>
						<description>A list of best practices by industry</description>
						<format mime_type="image/jpeg" />
						<doi_data>
							<doi>10.32013/TM9b6MW</doi>
							<resource>https://www.crossref.org/xml-samples/</resource>
						</doi_data>
					</component>
					<component parent_relation="isPartOf">
						<titles><title>Table 1: Impact of best practices over time</title></titles>
						<format mime_type="text/plain" />
						<doi_data>
							<doi>10.32013/KKFKsCy</doi>
							<resource>https://www.crossref.org/xml-samples/</resource>
						</doi_data>
					</component>
				</component_list>
			</journal_article>

		</journal>
	</body>
</doi_batch>
