<?xml version="1.0" encoding="UTF-8"?>
<doi_batch xmlns:xsi="http://www.w3.org/2001/XMLSchema-instance"
    xsi:schemaLocation="http://www.crossref.org/schema/5.4.0 https://www.crossref.org/schemas/crossref5.4.0.xsd"
    xmlns="http://www.crossref.org/schema/5.4.0" xmlns:jats="http://www.ncbi.nlm.nih.gov/JATS1"
    xmlns:fr="http://www.crossref.org/fundref.xsd" xmlns:mml="http://www.w3.org/1998/Math/MathML"
    version="5.4.0">
    <head>
        <doi_batch_id>test.x</doi_batch_id>
        <timestamp>2025010100000003</timestamp>
        <depositor>
            <depositor_name>Crossref</depositor_name>
            <email_address>pfeeney@crossref.org</email_address>
        </depositor>
        <registrant>Society of Metadata Idealists</registrant>
    </head>
    <body>
        <journal>
            <journal_metadata language="eng">
                <full_title>Journal of Schema Testing</full_title>
                <abbrev_title>JOST</abbrev_title>
                <doi_data>
                    <doi>10.32013/U4NS-59YA</doi>
                    <resource content_version="vor" mime_type="multipart/digest">https://www.crossref.org//documentation/</resource>
                </doi_data>
            </journal_metadata>
            <journal_issue>
                <publication_date media_type="online">
                    <month>02</month>
                    <day>04</day>
                    <year>2025</year>
                </publication_date>
                <issue>5.4.0</issue>
            </journal_issue>
            <journal_article language="en" publication_type="full_text"> 
                <titles>
                    <title>Updated archive locations</title>
</titles>
                <contributors>
                    <person_name sequence="first" contributor_role="author">
                        <given_name>Minerva</given_name>
                        <surname>Surname</surname>
                        <affiliations>
                            <institution>
                                <institution_id type="ror">https://ror.org/05gq02987</institution_id>
                            </institution>
                        </affiliations>
                        <ORCID authenticated="true">https://orcid.org/0000-0002-4011-3590</ORCID>
                    </person_name>
                </contributors>
                    <publication_date media_type="online">
                        <month>02</month>
                        <day>01</day>
                        <year>2025</year>
                    </publication_date>
                <acceptance_date media_type="online">
                    <month>01</month>
                    <day>15</day>
                    <year>2025</year>
                </acceptance_date>
                <publisher_item>
                    <item_number item_number_type="article_number">ABC-123</item_number>
                </publisher_item>
                <fr:program name="fundref" xmlns:fr="http://www.crossref.org/fundref.xsd">
                    <fr:assertion name="ror">https://ror.org/03cwgd676</fr:assertion>
                    <fr:assertion name="award_number">XXXX-1111</fr:assertion>                    
                </fr:program>
                <archive_locations>
                    <archive name="HathiTrust"/>
                    <archive name="Cariniana Network"/>
                    <archive name="ADS"/>
                    <archive name="BL"/>
                    <archive name="LOC"/>
                    <archive name="NAA"/>
                    <archive name="NARA"/>
                    <archive name="PKP PN"/>
                    <archive name="Scholars Portal"/>
                    <archive name="TNA"/>
                </archive_locations>
                <doi_data>
                    <doi>10.32013/SEEJ-L9SY</doi>
                    <resource content_version="vor" mime_type="text/html">https://www.crossref.org/xml-samples</resource>
                </doi_data>

            </journal_article>
        </journal>
    </body>
</doi_batch>
